Year,Depth,Area,Catchment,ResTime,TP,DOC,SD,SD_Summer,MinWeek,MaxWeek 
1991,3.2,1.4,51.9,0.1,NaN,NaN,0.8,0.8,NaN,28.0 
1992,3.2,1.4,51.9,0.1,207.0,NaN,0.8,0.4,13.0,21.0 
1993,3.2,1.4,51.9,0.1,165.0,12.6,0.9,0.7,13.0,19.0 
1994,3.2,1.4,51.9,0.1,116.0,11.3,0.7,0.5,12.0,21.0 
1995,3.2,1.4,51.9,0.1,130.0,9.3,0.7,0.5,NaN,23.0 
1996,3.2,1.4,51.9,0.1,79.0,9.9,0.5,0.5,NaN,17.0 
1997,3.2,1.4,51.9,0.1,226.0,14.2,0.7,0.6,12.0,24.0 
1998,3.2,1.4,51.9,0.1,80.0,8.7,0.7,0.5,9.0,15.0 
1999,3.2,1.4,51.9,0.1,183.0,12.4,0.6,0.3,10.0,15.0 
2000,3.2,1.4,51.9,0.1,65.0,12.2,0.7,0.4,NaN,20.0 
2001,3.2,1.4,51.9,0.1,50.0,12.6,0.9,0.5,12.0,20.0 
2002,3.2,1.4,51.9,0.1,92.0,15.2,0.6,0.6,14.0,15.0 
2003,3.2,1.4,51.9,0.1,401.0,15.5,0.4,0.3,NaN,16.0 
2004,3.2,1.4,51.9,0.1,75.0,13.0,0.6,0.4,NaN,18.0 
2005,3.2,1.4,51.9,0.1,64.0,11.5,0.8,0.5,7.0,15.0 
2006,3.2,1.4,51.9,0.1,104.0,15.5,0.6,0.3,NaN,15.0 
2007,3.2,1.4,51.9,0.1,209.0,NaN,0.4,0.2,NaN,17.0 
2008,3.2,1.4,51.9,0.1,83.0,13.0,0.4,0.2,NaN,17.0 
2009,3.2,1.4,51.9,0.1,186.0,NaN,0.4,0.2,NaN,15.0 
2010,3.2,1.4,51.9,0.1,172.0,NaN,0.4,0.2,NaN,15.0 
2011,3.2,1.4,51.9,0.1,140.0,12.0,0.3,0.3,NaN,17.0 
2012,3.2,1.4,51.9,0.1,100.0,11.0,0.4,0.3,NaN,21.0 
2013,3.2,1.4,51.9,0.1,220.0,13.0,0.3,0.2,NaN,21.0 
2014,3.2,1.4,51.9,0.1,410.0,13.0,NaN,NaN,NaN,NaN 
2015,3.2,1.4,51.9,0.1,140.0,11.0,0.4,0.2,NaN,19.0 
2016,3.2,1.4,51.9,0.1,110.0,16.0,0.3,0.2,NaN,NaN 
2017,3.2,1.4,51.9,0.1,100.0,NaN,0.3,0.2,NaN,21.0 
2018,3.2,1.4,51.9,0.1,170.0,16.0,0.3,0.1,NaN,16.0 
2019,3.2,1.4,51.9,0.1,150.0,15.0,0.4,0.3,NaN,25.0 
2020,3.2,1.4,51.9,0.1,93.0,11.0,1.1,1.0,NaN,22.0 
2021,3.2,1.4,51.9,0.1,250.0,14.0,1.0,0.6,NaN,19.0 
2022,3.2,1.4,51.9,0.1,330.0,13.0,0.7,0.4,NaN,16.0 
2023,3.2,1.4,51.9,0.1,210.0,15.0,0.6,0.3,NaN,17.0 
2024,3.2,1.4,51.9,0.1,130.0,13.0,0.8,NaN,NaN,18.0 
1991,1.6,0.1,2.4,0.2,NaN,NaN,0.5,0.5,NaN,17.0 
1992,1.6,0.1,2.4,0.2,218.0,NaN,0.5,0.4,NaN,15.0 
1993,1.6,0.1,2.4,0.2,210.0,12.0,0.5,0.5,12.0,24.0 
1994,1.6,0.1,2.4,0.2,138.0,9.0,0.7,0.5,14.0,15.0 
1995,1.6,0.1,2.4,0.2,140.0,12.0,0.6,0.5,13.0,15.0 
1996,1.6,0.1,2.4,0.2,123.0,13.0,0.6,0.3,NaN,16.0 
1997,1.6,0.1,2.4,0.2,109.0,12.0,0.5,0.4,13.0,15.0 
1998,1.6,0.1,2.4,0.2,69.0,12.0,0.5,0.3,14.0,15.0 
1999,1.6,0.1,2.4,0.2,126.0,9.0,0.5,0.3,6.0,16.0 
2000,1.6,0.1,2.4,0.2,36.0,12.0,0.6,0.3,14.0,15.0 
2001,1.6,0.1,2.4,0.2,92.0,11.0,0.6,0.3,10.0,16.0 
2002,1.6,0.1,2.4,0.2,110.0,12.0,0.6,0.3,8.0,15.0 
2003,1.6,0.1,2.4,0.2,113.0,17.0,0.5,0.2,NaN,15.0 
2004,1.6,0.1,2.4,0.2,100.0,14.0,NaN,NaN,NaN,NaN 
2005,1.6,0.1,2.4,0.2,172.0,14.0,NaN,NaN,NaN,NaN 
2006,1.6,0.1,2.4,0.2,127.0,15.0,0.3,0.2,NaN,17.0 
2007,1.6,0.1,2.4,0.2,NaN,NaN,0.3,0.3,14.0,15.0 
2008,1.6,0.1,2.4,0.2,NaN,11.0,0.2,0.1,11.0,15.0 
2009,1.6,0.1,2.4,0.2,NaN,NaN,0.3,0.2,12.0,15.0 
2010,1.6,0.1,2.4,0.2,NaN,NaN,0.4,0.2,NaN,16.0 
2011,1.6,0.1,2.4,0.2,210.0,10.0,0.4,0.2,12.0,16.0 
2012,1.6,0.1,2.4,0.2,120.0,11.0,0.3,0.2,13.0,15.0 
2013,1.6,0.1,2.4,0.2,130.0,12.0,0.3,0.2,NaN,15.0 
2014,1.6,0.1,2.4,0.2,90.0,13.0,0.3,0.2,13.0,15.0 
2015,1.6,0.1,2.4,0.2,120.0,11.0,0.4,0.2,14.0,15.0 
2016,1.6,0.1,2.4,0.2,110.0,13.0,0.4,0.2,NaN,15.0 
2017,1.6,0.1,2.4,0.2,100.0,11.0,0.5,0.3,12.0,15.0 
2018,1.6,0.1,2.4,0.2,86.0,11.0,0.4,0.2,NaN,24.0 
2019,1.6,0.1,2.4,0.2,71.0,14.0,0.5,0.3,9.0,15.0 
2020,1.6,0.1,2.4,0.2,94.0,12.0,0.5,0.3,11.0,15.0 
2021,1.6,0.1,2.4,0.2,53.0,12.0,0.4,0.2,14.0,15.0 
2022,1.6,0.1,2.4,0.2,83.0,12.0,0.2,0.1,9.0,15.0 
2023,1.6,0.1,2.4,0.2,120.0,14.0,0.2,0.1,8.0,15.0 
2024,1.6,0.1,2.4,0.2,63.0,11.0,0.2,0.1,9.0,15.0 
1991,14.3,3.8,165.6,1.0,NaN,NaN,2.5,2.1,NaN,25.0 
1992,14.3,3.8,165.6,1.0,185.0,NaN,2.8,1.6,14.0,21.0 
1993,14.3,3.8,165.6,1.0,161.0,3.7,2.6,1.8,11.0,20.0 
1994,14.3,3.8,165.6,1.0,98.0,5.1,2.8,2.0,6.0,20.0 
1995,14.3,3.8,165.6,1.0,83.0,5.5,2.4,1.6,NaN,23.0 
1996,14.3,3.8,165.6,1.0,69.0,6.3,2.9,2.2,NaN,24.0 
1997,14.3,3.8,165.6,1.0,116.0,5.3,3.1,1.9,14.0,22.0 
1998,14.3,3.8,165.6,1.0,106.0,6.5,2.5,1.7,14.0,20.0 
1999,14.3,3.8,165.6,1.0,76.0,8.3,2.0,1.8,NaN,21.0 
2000,14.3,3.8,165.6,1.0,89.0,8.5,2.7,1.6,NaN,19.0 
2001,14.3,3.8,165.6,1.0,85.0,6.0,2.3,2.0,NaN,22.0 
2002,14.3,3.8,165.6,1.0,97.0,7.9,1.8,1.2,NaN,20.0 
2003,14.3,3.8,165.6,1.0,89.0,7.3,1.7,1.6,NaN,15.0 
2004,14.3,3.8,165.6,1.0,63.0,7.1,1.8,1.5,NaN,21.0 
2005,14.3,3.8,165.6,1.0,96.0,7.3,1.7,1.6,NaN,22.0 
2006,14.3,3.8,165.6,1.0,49.0,4.2,2.2,2.1,NaN,22.0 
2007,14.3,3.8,165.6,1.0,NaN,NaN,2.0,1.4,NaN,20.0 
2008,14.3,3.8,165.6,1.0,52.0,7.0,2.0,1.7,NaN,20.0 
2009,14.3,3.8,165.6,1.0,192.0,NaN,2.2,1.9,NaN,19.0 
2010,14.3,3.8,165.6,1.0,NaN,NaN,2.2,2.4,NaN,24.0 
2011,14.3,3.8,165.6,1.0,80.0,6.4,2.0,1.8,NaN,23.0 
2012,14.3,3.8,165.6,1.0,100.0,6.5,2.5,2.1,NaN,21.0 
2013,14.3,3.8,165.6,1.0,66.0,6.8,2.0,1.7,NaN,23.0 
2014,14.3,3.8,165.6,1.0,100.0,7.1,2.4,2.2,NaN,23.0 
2015,14.3,3.8,165.6,1.0,84.0,6.8,2.8,2.7,NaN,23.0 
2016,14.3,3.8,165.6,1.0,77.0,7.4,2.1,1.8,NaN,21.0 
2017,14.3,3.8,165.6,1.0,92.0,7.4,2.5,2.3,NaN,20.0 
2018,14.3,3.8,165.6,1.0,80.0,6.9,1.7,1.6,NaN,21.0 
2019,14.3,3.8,165.6,1.0,86.0,6.8,2.3,2.0,NaN,21.0 
2020,14.3,3.8,165.6,1.0,77.0,6.7,2.6,2.7,NaN,20.0 
2021,14.3,3.8,165.6,1.0,66.0,6.6,3.2,3.2,NaN,22.0 
2022,14.3,3.8,165.6,1.0,75.0,6.7,2.5,2.4,NaN,25.0 
2023,14.3,3.8,165.6,1.0,110.0,6.7,2.8,2.7,NaN,16.0 
2024,14.3,3.8,165.6,1.0,73.0,6.6,2.2,2.2,NaN,16.0 
1991,18.4,3.2,23.0,2.4,NaN,NaN,2.1,1.2,NaN,NaN 
1992,18.4,3.2,23.0,2.4,62.0,NaN,1.9,1.2,NaN,20.0 
1993,18.4,3.2,23.0,2.4,57.0,7.2,NaN,NaN,NaN,NaN 
1994,18.4,3.2,23.0,2.4,123.0,7.9,1.9,1.5,NaN,27.0 
1995,18.4,3.2,23.0,2.4,94.0,6.3,1.9,1.4,NaN,22.0 
1996,18.4,3.2,23.0,2.4,57.0,7.3,1.6,1.2,NaN,22.0 
1997,18.4,3.2,23.0,2.4,82.0,8.0,1.4,1.1,NaN,21.0 
1998,18.4,3.2,23.0,2.4,61.0,8.0,1.0,0.7,NaN,15.0 
1999,18.4,3.2,23.0,2.4,80.0,8.1,1.0,0.9,NaN,15.0 
2000,18.4,3.2,23.0,2.4,NaN,NaN,0.7,0.7,NaN,19.0 
2001,18.4,3.2,23.0,2.4,NaN,NaN,NaN,NaN,NaN,NaN 
2002,18.4,3.2,23.0,2.4,65.0,9.7,NaN,NaN,NaN,NaN 
2003,18.4,3.2,23.0,2.4,NaN,NaN,NaN,NaN,NaN,NaN 
2004,18.4,3.2,23.0,2.4,75.0,7.0,NaN,NaN,NaN,NaN 
2005,18.4,3.2,23.0,2.4,214.0,10.5,1.1,1.0,NaN,20.0 
2006,18.4,3.2,23.0,2.4,217.0,10.3,1.1,0.9,NaN,19.0 
2007,18.4,3.2,23.0,2.4,NaN,NaN,0.9,0.9,NaN,18.0 
2008,18.4,3.2,23.0,2.4,74.0,8.1,0.9,0.9,NaN,19.0 
2009,18.4,3.2,23.0,2.4,90.0,NaN,1.0,0.9,NaN,19.0 
2010,18.4,3.2,23.0,2.4,158.0,NaN,1.0,1.0,NaN,24.0 
2011,18.4,3.2,23.0,2.4,125.0,7.0,0.9,0.8,NaN,17.0 
2012,18.4,3.2,23.0,2.4,NaN,NaN,1.0,0.9,NaN,16.0 
2013,18.4,3.2,23.0,2.4,NaN,NaN,1.1,1.0,NaN,20.0 
2014,18.4,3.2,23.0,2.4,NaN,NaN,0.9,0.8,NaN,21.0 
2015,18.4,3.2,23.0,2.4,NaN,NaN,1.0,0.9,NaN,17.0 
2016,18.4,3.2,23.0,2.4,NaN,NaN,0.8,0.8,NaN,21.0 
2017,18.4,3.2,23.0,2.4,NaN,NaN,0.8,0.7,NaN,21.0 
2018,18.4,3.2,23.0,2.4,NaN,NaN,1.0,0.9,NaN,23.0 
2019,18.4,3.2,23.0,2.4,NaN,NaN,0.9,0.9,NaN,24.0 
2020,18.4,3.2,23.0,2.4,NaN,NaN,1.1,0.8,NaN,18.0 
2021,18.4,3.2,23.0,2.4,NaN,NaN,0.5,NaN,NaN,NaN 
2022,18.4,3.2,23.0,2.4,NaN,NaN,2.5,2.2,NaN,22.0 
2023,18.4,3.2,23.0,2.4,NaN,NaN,3.1,2.6,NaN,23.0 
2024,18.4,3.2,23.0,2.4,NaN,NaN,NaN,NaN,NaN,NaN 
1991,18.4,3.2,23.0,2.4,NaN,NaN,1.6,1.3,NaN,20.0 
1992,18.4,3.2,23.0,2.4,NaN,NaN,1.6,1.0,NaN,19.0 
1993,18.4,3.2,23.0,2.4,50.0,4.6,1.8,1.6,NaN,18.0 
1994,18.4,3.2,23.0,2.4,94.0,7.0,1.6,1.0,NaN,20.0 
1995,18.4,3.2,23.0,2.4,119.0,7.9,1.2,1.0,NaN,NaN 
1996,18.4,3.2,23.0,2.4,51.0,7.2,1.1,1.0,NaN,22.0 
1997,18.4,3.2,23.0,2.4,114.0,7.5,1.0,0.8,NaN,21.0 
1998,18.4,3.2,23.0,2.4,77.0,10.6,0.8,0.7,NaN,19.0 
1999,18.4,3.2,23.0,2.4,81.0,9.3,1.0,0.8,NaN,19.0 
2000,18.4,3.2,23.0,2.4,45.0,NaN,0.9,0.7,NaN,20.0 
2001,18.4,3.2,23.0,2.4,71.0,8.0,1.0,0.8,NaN,20.0 
2002,18.4,3.2,23.0,2.4,65.0,8.2,1.0,0.8,NaN,20.0 
2003,18.4,3.2,23.0,2.4,67.0,7.6,1.2,1.0,NaN,20.0 
2004,18.4,3.2,23.0,2.4,54.0,8.4,1.1,0.9,NaN,20.0 
2005,18.4,3.2,23.0,2.4,70.0,9.7,1.0,0.9,NaN,20.0 
2006,18.4,3.2,23.0,2.4,85.0,6.2,1.0,0.9,NaN,24.0 
2007,18.4,3.2,23.0,2.4,NaN,NaN,1.0,0.8,NaN,19.0 
2008,18.4,3.2,23.0,2.4,59.0,7.9,0.8,0.7,NaN,20.0 
2009,18.4,3.2,23.0,2.4,90.0,NaN,0.9,0.9,NaN,27.0 
2010,18.4,3.2,23.0,2.4,108.0,7.1,1.0,1.0,NaN,17.0 
2011,18.4,3.2,23.0,2.4,100.0,NaN,0.8,0.7,NaN,22.0 
2012,18.4,3.2,23.0,2.4,NaN,NaN,0.9,0.8,NaN,22.0 
2013,18.4,3.2,23.0,2.4,NaN,NaN,1.0,0.9,NaN,22.0 
2014,18.4,3.2,23.0,2.4,NaN,NaN,0.8,0.7,NaN,22.0 
2015,18.4,3.2,23.0,2.4,59.0,NaN,0.8,0.8,NaN,23.0 
2016,18.4,3.2,23.0,2.4,NaN,NaN,0.9,0.8,NaN,23.0 
2017,18.4,3.2,23.0,2.4,NaN,NaN,0.8,0.8,NaN,22.0 
2018,18.4,3.2,23.0,2.4,NaN,NaN,0.8,0.8,NaN,23.0 
2019,18.4,3.2,23.0,2.4,NaN,NaN,1.0,0.7,NaN,19.0 
2020,18.4,3.2,23.0,2.4,NaN,NaN,1.0,0.7,NaN,19.0 
2021,18.4,3.2,23.0,2.4,NaN,NaN,1.8,1.5,NaN,23.0 
2022,18.4,3.2,23.0,2.4,NaN,NaN,2.6,2.3,NaN,19.0 
2023,18.4,3.2,23.0,2.4,NaN,NaN,3.4,NaN,NaN,21.0 
2024,18.4,3.2,23.0,2.4,NaN,NaN,3.1,3.1,NaN,19.0 
1991,9.7,0.1,0.2,10.2,NaN,NaN,1.8,1.6,NaN,28.0 
1992,9.7,0.1,0.2,10.2,138.0,NaN,2.5,NaN,NaN,NaN 
1993,9.7,0.1,0.2,10.2,129.0,5.4,2.7,2.5,14.0,21.0 
1994,9.7,0.1,0.2,10.2,112.0,7.4,2.9,2.8,15.0,20.0 
1995,9.7,0.1,0.2,10.2,61.0,6.6,2.9,2.9,NaN,24.0 
1996,9.7,0.1,0.2,10.2,53.0,6.2,2.7,2.7,NaN,23.0 
1997,9.7,0.1,0.2,10.2,65.0,7.2,2.2,2.5,NaN,24.0 
1998,9.7,0.1,0.2,10.2,67.0,7.6,3.4,3.5,NaN,NaN 
1999,9.7,0.1,0.2,10.2,70.0,6.0,3.1,2.5,NaN,17.0 
2000,9.7,0.1,0.2,10.2,74.0,8.9,3.0,2.7,NaN,18.0 
2001,9.7,0.1,0.2,10.2,60.0,7.1,2.7,2.6,NaN,20.0 
2002,9.7,0.1,0.2,10.2,75.0,8.6,3.2,2.8,NaN,21.0 
2003,9.7,0.1,0.2,10.2,82.0,7.9,2.6,2.5,NaN,21.0 
2004,9.7,0.1,0.2,10.2,53.0,7.4,3.0,2.8,NaN,21.0 
2005,9.7,0.1,0.2,10.2,53.0,8.8,3.1,3.3,NaN,20.0 
2006,9.7,0.1,0.2,10.2,78.0,2.1,3.4,3.0,NaN,21.0 
2007,9.7,0.1,0.2,10.2,169.0,NaN,2.8,2.2,NaN,18.0 
2008,9.7,0.1,0.2,10.2,61.0,7.3,2.1,1.8,NaN,25.0 
2009,9.7,0.1,0.2,10.2,119.0,7.0,2.5,2.2,NaN,19.0 
2010,9.7,0.1,0.2,10.2,134.0,NaN,3.1,3.0,NaN,21.0 
2011,9.7,0.1,0.2,10.2,70.0,6.7,3.0,2.9,NaN,18.0 
2012,9.7,0.1,0.2,10.2,90.0,6.5,NaN,NaN,NaN,NaN 
2013,9.7,0.1,0.2,10.2,89.0,6.9,NaN,NaN,NaN,NaN 
2014,9.7,0.1,0.2,10.2,71.0,7.1,NaN,NaN,NaN,NaN 
2015,9.7,0.1,0.2,10.2,82.0,6.5,NaN,NaN,NaN,NaN 
2016,9.7,0.1,0.2,10.2,56.0,8.5,2.9,3.2,NaN,20.0 
2017,9.7,0.1,0.2,10.2,70.0,7.9,2.7,3.1,NaN,23.0 
2018,9.7,0.1,0.2,10.2,84.0,7.0,NaN,NaN,NaN,NaN 
2019,9.7,0.1,0.2,10.2,72.0,7.5,NaN,NaN,NaN,NaN 
2020,9.7,0.1,0.2,10.2,82.0,7.9,NaN,NaN,NaN,NaN 
2021,9.7,0.1,0.2,10.2,76.0,7.0,NaN,NaN,NaN,NaN 
2022,9.7,0.1,0.2,10.2,99.0,7.5,NaN,NaN,NaN,NaN 
2023,9.7,0.1,0.2,10.2,120.0,7.6,NaN,NaN,NaN,NaN 
2024,9.7,0.1,0.2,10.2,110.0,6.9,NaN,NaN,NaN,NaN 
1991,25.3,0.3,1.0,7.7,NaN,NaN,2.9,3.3,NaN,28.0 
1992,25.3,0.3,1.0,7.7,148.0,NaN,2.6,2.6,15.0,21.0 
1993,25.3,0.3,1.0,7.7,106.0,5.4,2.8,2.5,NaN,21.0 
1994,25.3,0.3,1.0,7.7,80.0,5.7,2.1,2.6,14.0,27.0 
1995,25.3,0.3,1.0,7.7,75.0,5.5,2.1,2.7,NaN,30.0 
1996,25.3,0.3,1.0,7.7,87.0,6.0,2.4,2.5,NaN,23.0 
1997,25.3,0.3,1.0,7.7,86.0,7.2,2.3,2.8,NaN,28.0 
1998,25.3,0.3,1.0,7.7,147.0,6.5,2.8,2.9,NaN,19.0 
1999,25.3,0.3,1.0,7.7,56.0,6.0,2.0,2.3,13.0,19.0 
2000,25.3,0.3,1.0,7.7,67.0,NaN,2.3,2.3,NaN,30.0 
2001,25.3,0.3,1.0,7.7,62.0,6.0,2.2,1.8,NaN,21.0 
2002,25.3,0.3,1.0,7.7,72.0,5.9,2.5,2.1,11.0,20.0 
2003,25.3,0.3,1.0,7.7,80.0,5.5,NaN,NaN,NaN,NaN 
2004,25.3,0.3,1.0,7.7,77.0,6.9,NaN,NaN,NaN,NaN 
2005,25.3,0.3,1.0,7.7,82.0,7.6,NaN,NaN,NaN,NaN 
2006,25.3,0.3,1.0,7.7,35.0,5.4,NaN,NaN,NaN,NaN 
2007,25.3,0.3,1.0,7.7,82.0,NaN,NaN,NaN,NaN,NaN 
2008,25.3,0.3,1.0,7.7,55.0,6.2,NaN,NaN,NaN,NaN 
2009,25.3,0.3,1.0,7.7,118.0,NaN,NaN,NaN,NaN,NaN 
2010,25.3,0.3,1.0,7.7,NaN,NaN,1.5,NaN,NaN,16.0 
2011,25.3,0.3,1.0,7.7,213.0,9.3,1.9,1.8,NaN,NaN 
2012,25.3,0.3,1.0,7.7,110.0,6.6,1.5,1.6,13.0,29.0 
2013,25.3,0.3,1.0,7.7,71.0,6.6,1.0,1.2,NaN,28.0 
2014,25.3,0.3,1.0,7.7,100.0,8.4,0.8,0.9,NaN,30.0 
2015,25.3,0.3,1.0,7.7,130.0,7.2,1.2,2.7,NaN,26.0 
2016,25.3,0.3,1.0,7.7,150.0,8.4,1.2,1.3,NaN,28.0 
2017,25.3,0.3,1.0,7.7,140.0,7.6,NaN,NaN,NaN,NaN 
2018,25.3,0.3,1.0,7.7,160.0,8.5,NaN,NaN,NaN,NaN 
2019,25.3,0.3,1.0,7.7,84.0,7.8,NaN,NaN,NaN,NaN 
2020,25.3,0.3,1.0,7.7,120.0,7.4,NaN,NaN,NaN,NaN 
2021,25.3,0.3,1.0,7.7,77.0,7.4,NaN,NaN,NaN,NaN 
2022,25.3,0.3,1.0,7.7,120.0,7.6,NaN,NaN,NaN,NaN 
2023,25.3,0.3,1.0,7.7,79.0,7.6,NaN,NaN,NaN,NaN 
2024,25.3,0.3,1.0,7.7,110.0,6.4,NaN,NaN,NaN,NaN 
1991,10.8,0.1,0.4,3.6,NaN,NaN,0.8,1.1,12.0,28.0 
1992,10.8,0.1,0.4,3.6,117.0,NaN,1.0,1.3,NaN,26.0 
1993,10.8,0.1,0.4,3.6,105.0,7.5,2.0,2.0,NaN,29.0 
1994,10.8,0.1,0.4,3.6,81.0,7.2,2.1,2.5,NaN,21.0 
1995,10.8,0.1,0.4,3.6,79.0,6.0,2.0,2.1,NaN,21.0 
1996,10.8,0.1,0.4,3.6,51.0,7.3,2.9,2.7,NaN,20.0 
1997,10.8,0.1,0.4,3.6,44.0,7.3,3.5,3.8,NaN,21.0 
1998,10.8,0.1,0.4,3.6,62.0,9.3,2.5,2.3,NaN,20.0 
1999,10.8,0.1,0.4,3.6,49.0,6.6,3.0,2.8,14.0,20.0 
2000,10.8,0.1,0.4,3.6,44.0,NaN,3.5,3.3,14.0,18.0 
2001,10.8,0.1,0.4,3.6,27.0,7.2,3.2,3.8,14.0,20.0 
2002,10.8,0.1,0.4,3.6,58.0,8.6,2.8,2.5,NaN,23.0 
2003,10.8,0.1,0.4,3.6,42.0,8.8,3.8,3.0,NaN,18.0 
2004,10.8,0.1,0.4,3.6,33.0,6.2,3.9,3.1,NaN,22.0 
2005,10.8,0.1,0.4,3.6,32.0,11.9,3.9,4.0,NaN,19.0 
2006,10.8,0.1,0.4,3.6,30.0,3.9,3.2,3.5,NaN,20.0 
2007,10.8,0.1,0.4,3.6,70.0,NaN,3.1,3.0,13.0,19.0 
2008,10.8,0.1,0.4,3.6,41.0,7.6,2.9,3.1,15.0,18.0 
2009,10.8,0.1,0.4,3.6,75.0,NaN,2.7,2.5,NaN,20.0 
2010,10.8,0.1,0.4,3.6,71.0,NaN,3.3,3.2,NaN,22.0 
2011,10.8,0.1,0.4,3.6,40.0,7.1,2.9,3.0,13.0,18.0 
2012,10.8,0.1,0.4,3.6,NaN,NaN,3.1,3.8,14.0,21.0 
2013,10.8,0.1,0.4,3.6,NaN,NaN,3.0,3.2,NaN,20.0 
2014,10.8,0.1,0.4,3.6,53.0,8.7,3.2,3.7,14.0,18.0 
2015,10.8,0.1,0.4,3.6,54.0,8.7,3.0,3.2,NaN,22.0 
2016,10.8,0.1,0.4,3.6,45.0,9.4,3.2,3.7,14.0,20.0 
2017,10.8,0.1,0.4,3.6,60.0,8.9,2.9,3.4,13.0,22.0 
2018,10.8,0.1,0.4,3.6,64.0,8.9,2.8,3.4,NaN,30.0 
2019,10.8,0.1,0.4,3.6,57.0,9.2,3.0,4.3,13.0,28.0 
2020,10.8,0.1,0.4,3.6,68.0,9.4,3.2,4.2,NaN,30.0 
2021,10.8,0.1,0.4,3.6,54.0,8.4,2.9,3.7,13.0,23.0 
2022,10.8,0.1,0.4,3.6,25.0,8.7,3.1,3.3,12.0,28.0 
2023,10.8,0.1,0.4,3.6,56.0,8.4,3.4,4.1,14.0,20.0 
2024,10.8,0.1,0.4,3.6,55.0,8.6,3.3,4.1,10.0,29.0 
1991,56.2,29.1,380.8,3.1,NaN,NaN,3.5,3.2,NaN,23.0 
1992,56.2,29.1,380.8,3.1,NaN,NaN,3.6,3.0,NaN,23.0 
1993,56.2,29.1,380.8,3.1,NaN,NaN,4.0,3.4,NaN,21.0 
1994,56.2,29.1,380.8,3.1,NaN,NaN,3.4,3.0,NaN,21.0 
1995,56.2,29.1,380.8,3.1,NaN,NaN,3.1,2.6,17.0,22.0 
1996,56.2,29.1,380.8,3.1,NaN,NaN,3.7,3.3,NaN,24.0 
1997,56.2,29.1,380.8,3.1,NaN,NaN,3.0,2.6,NaN,22.0 
1998,56.2,29.1,380.8,3.1,NaN,NaN,2.7,2.5,NaN,21.0 
1999,56.2,29.1,380.8,3.1,NaN,NaN,3.2,2.6,NaN,22.0 
2000,56.2,29.1,380.8,3.1,NaN,NaN,2.7,2.5,NaN,23.0 
2001,56.2,29.1,380.8,3.1,NaN,NaN,3.2,2.8,NaN,23.0 
2002,56.2,29.1,380.8,3.1,NaN,NaN,2.5,1.9,NaN,20.0 
2003,56.2,29.1,380.8,3.1,NaN,NaN,2.8,2.4,NaN,21.0 
2004,56.2,29.1,380.8,3.1,NaN,NaN,3.2,2.6,NaN,20.0 
2005,56.2,29.1,380.8,3.1,NaN,NaN,2.9,2.3,NaN,21.0 
2006,56.2,29.1,380.8,3.1,NaN,NaN,2.6,3.0,NaN,25.0 
2007,56.2,29.1,380.8,3.1,NaN,NaN,3.0,2.4,NaN,18.0 
2008,56.2,29.1,380.8,3.1,NaN,NaN,3.2,2.9,NaN,20.0 
2009,56.2,29.1,380.8,3.1,NaN,NaN,3.5,3.0,NaN,18.0 
2010,56.2,29.1,380.8,3.1,NaN,NaN,3.1,2.9,NaN,23.0 
2011,56.2,29.1,380.8,3.1,NaN,NaN,3.4,3.0,NaN,20.0 
2012,56.2,29.1,380.8,3.1,NaN,NaN,2.9,2.5,NaN,21.0 
2013,56.2,29.1,380.8,3.1,NaN,NaN,2.9,2.7,NaN,23.0 
2014,56.2,29.1,380.8,3.1,NaN,NaN,3.4,3.0,NaN,24.0 
2015,56.2,29.1,380.8,3.1,NaN,NaN,5.2,5.0,NaN,21.0 
2016,56.2,29.1,380.8,3.1,NaN,NaN,6.4,5.9,NaN,21.0 
2017,56.2,29.1,380.8,3.1,NaN,NaN,5.2,5.2,NaN,23.0 
2018,56.2,29.1,380.8,3.1,NaN,NaN,4.1,4.2,NaN,22.0 
2019,56.2,29.1,380.8,3.1,NaN,NaN,4.4,4.6,NaN,21.0 
2020,56.2,29.1,380.8,3.1,NaN,NaN,NaN,NaN,NaN,NaN 
2021,56.2,29.1,380.8,3.1,NaN,NaN,NaN,NaN,NaN,NaN 
2022,56.2,29.1,380.8,3.1,NaN,NaN,NaN,NaN,NaN,NaN 
2023,56.2,29.1,380.8,3.1,NaN,NaN,NaN,NaN,NaN,NaN 
2024,56.2,29.1,380.8,3.1,NaN,NaN,NaN,NaN,NaN,NaN 
1991,56.2,29.1,380.8,3.1,NaN,NaN,2.5,2.5,NaN,25.0 
1992,56.2,29.1,380.8,3.1,NaN,NaN,3.0,2.2,13.0,24.0 
1993,56.2,29.1,380.8,3.1,NaN,NaN,3.5,3.1,14.0,21.0 
1994,56.2,29.1,380.8,3.1,95.0,4.6,3.4,2.9,NaN,23.0 
1995,56.2,29.1,380.8,3.1,101.0,4.3,2.8,2.4,NaN,24.0 
1996,56.2,29.1,380.8,3.1,72.0,5.8,3.0,2.8,NaN,22.0 
1997,56.2,29.1,380.8,3.1,139.0,5.0,2.9,2.3,NaN,29.0 
1998,56.2,29.1,380.8,3.1,81.0,NaN,3.1,2.3,14.0,19.0 
1999,56.2,29.1,380.8,3.1,101.0,9.1,3.2,2.6,14.0,24.0 
2000,56.2,29.1,380.8,3.1,75.0,7.5,3.3,2.6,12.0,23.0 
2001,56.2,29.1,380.8,3.1,NaN,NaN,3.4,3.0,14.0,23.0 
2002,56.2,29.1,380.8,3.1,NaN,NaN,2.8,2.0,14.0,22.0 
2003,56.2,29.1,380.8,3.1,101.0,6.8,2.9,2.4,14.0,27.0 
2004,56.2,29.1,380.8,3.1,72.0,4.9,3.0,2.3,14.0,23.0 
2005,56.2,29.1,380.8,3.1,68.0,8.2,2.9,2.3,7.0,22.0 
2006,56.2,29.1,380.8,3.1,57.0,3.6,3.2,2.8,NaN,23.0 
2007,56.2,29.1,380.8,3.1,NaN,NaN,3.1,2.5,12.0,21.0 
2008,56.2,29.1,380.8,3.1,55.0,6.0,3.1,2.3,14.0,22.0 
2009,56.2,29.1,380.8,3.1,108.0,NaN,2.9,2.1,14.0,22.0 
2010,56.2,29.1,380.8,3.1,120.0,NaN,2.5,2.1,NaN,26.0 
2011,56.2,29.1,380.8,3.1,NaN,6.2,2.3,1.6,13.0,22.0 
2012,56.2,29.1,380.8,3.1,80.0,5.8,2.5,1.9,14.0,22.0 
2013,56.2,29.1,380.8,3.1,86.0,5.8,2.8,2.3,6.0,25.0 
2014,56.2,29.1,380.8,3.1,84.0,6.3,3.0,2.2,12.0,21.0 
2015,56.2,29.1,380.8,3.1,85.0,5.8,3.2,2.8,14.0,22.0 
2016,56.2,29.1,380.8,3.1,81.0,6.4,3.5,2.7,12.0,24.0 
2017,56.2,29.1,380.8,3.1,81.0,6.2,4.2,3.3,14.0,19.0 
2018,56.2,29.1,380.8,3.1,78.0,6.1,3.9,2.4,11.0,15.0 
2019,56.2,29.1,380.8,3.1,83.0,6.2,4.8,3.2,13.0,15.0 
2020,56.2,29.1,380.8,3.1,95.0,6.4,5.1,3.4,12.0,15.0 
2021,56.2,29.1,380.8,3.1,70.0,5.7,5.1,3.1,14.0,16.0 
2022,56.2,29.1,380.8,3.1,78.0,6.2,4.3,2.6,13.0,15.0 
2023,56.2,29.1,380.8,3.1,98.0,6.3,3.7,2.3,NaN,30.0 
2024,56.2,29.1,380.8,3.1,97.0,6.7,3.6,1.9,13.0,17.0 
1991,56.2,29.1,380.8,3.1,NaN,NaN,2.9,2.8,NaN,23.0 
1992,56.2,29.1,380.8,3.1,NaN,NaN,3.0,2.6,NaN,22.0 
1993,56.2,29.1,380.8,3.1,NaN,NaN,3.2,3.2,NaN,20.0 
1994,56.2,29.1,380.8,3.1,NaN,NaN,2.9,2.8,NaN,23.0 
1995,56.2,29.1,380.8,3.1,NaN,NaN,3.0,2.4,NaN,21.0 
1996,56.2,29.1,380.8,3.1,NaN,NaN,3.0,3.3,NaN,29.0 
1997,56.2,29.1,380.8,3.1,NaN,NaN,2.9,2.7,NaN,26.0 
1998,56.2,29.1,380.8,3.1,NaN,NaN,3.3,2.7,NaN,20.0 
1999,56.2,29.1,380.8,3.1,NaN,NaN,3.1,2.8,NaN,23.0 
2000,56.2,29.1,380.8,3.1,NaN,NaN,2.8,2.5,NaN,19.0 
2001,56.2,29.1,380.8,3.1,NaN,NaN,3.1,2.6,NaN,24.0 
2002,56.2,29.1,380.8,3.1,NaN,NaN,2.3,1.9,NaN,21.0 
2003,56.2,29.1,380.8,3.1,NaN,NaN,2.6,2.2,NaN,21.0 
2004,56.2,29.1,380.8,3.1,NaN,NaN,2.5,2.3,NaN,NaN 
2005,56.2,29.1,380.8,3.1,NaN,NaN,2.7,2.1,NaN,20.0 
2006,56.2,29.1,380.8,3.1,NaN,NaN,2.7,2.6,NaN,25.0 
2007,56.2,29.1,380.8,3.1,NaN,NaN,3.0,2.5,NaN,18.0 
2008,56.2,29.1,380.8,3.1,NaN,NaN,3.8,3.1,NaN,19.0 
2009,56.2,29.1,380.8,3.1,NaN,NaN,3.8,3.2,NaN,19.0 
2010,56.2,29.1,380.8,3.1,NaN,NaN,3.4,3.3,NaN,23.0 
2011,56.2,29.1,380.8,3.1,NaN,NaN,3.2,2.5,NaN,19.0 
2012,56.2,29.1,380.8,3.1,NaN,NaN,3.1,2.6,NaN,23.0 
2013,56.2,29.1,380.8,3.1,NaN,NaN,3.6,2.8,NaN,21.0 
2014,56.2,29.1,380.8,3.1,NaN,NaN,3.8,3.1,NaN,20.0 
2015,56.2,29.1,380.8,3.1,NaN,NaN,4.7,4.0,NaN,21.0 
2016,56.2,29.1,380.8,3.1,NaN,NaN,4.5,3.8,NaN,22.0 
2017,56.2,29.1,380.8,3.1,NaN,NaN,NaN,NaN,NaN,NaN 
2018,56.2,29.1,380.8,3.1,NaN,NaN,NaN,NaN,NaN,NaN 
2019,56.2,29.1,380.8,3.1,NaN,NaN,NaN,NaN,NaN,NaN 
2020,56.2,29.1,380.8,3.1,NaN,NaN,NaN,NaN,NaN,NaN 
2021,56.2,29.1,380.8,3.1,NaN,NaN,NaN,NaN,NaN,NaN 
2022,56.2,29.1,380.8,3.1,NaN,NaN,NaN,NaN,NaN,NaN 
2023,56.2,29.1,380.8,3.1,NaN,NaN,NaN,NaN,NaN,NaN 
2024,56.2,29.1,380.8,3.1,NaN,NaN,NaN,NaN,NaN,NaN 
1991,15.8,0.2,196.1,0.0,NaN,NaN,3.0,2.1,NaN,23.0 
1992,15.8,0.2,196.1,0.0,150.0,NaN,3.5,2.6,NaN,21.0 
1993,15.8,0.2,196.1,0.0,146.0,4.5,4.3,3.7,NaN,21.0 
1994,15.8,0.2,196.1,0.0,101.0,6.7,3.8,3.0,NaN,22.0 
1995,15.8,0.2,196.1,0.0,90.0,5.2,3.7,2.7,NaN,22.0 
1996,15.8,0.2,196.1,0.0,68.0,6.9,4.0,3.1,NaN,23.0 
1997,15.8,0.2,196.1,0.0,104.0,6.3,3.7,3.2,NaN,22.0 
1998,15.8,0.2,196.1,0.0,102.0,6.7,2.9,2.5,NaN,22.0 
1999,15.8,0.2,196.1,0.0,87.0,10.3,3.1,2.6,NaN,22.0 
2000,15.8,0.2,196.1,0.0,86.0,7.7,2.8,2.2,10.0,20.0 
2001,15.8,0.2,196.1,0.0,65.0,6.3,3.4,2.6,NaN,22.0 
2002,15.8,0.2,196.1,0.0,92.0,7.0,2.5,1.6,NaN,20.0 
2003,15.8,0.2,196.1,0.0,75.0,8.5,2.6,1.9,NaN,23.0 
2004,15.8,0.2,196.1,0.0,68.0,7.1,2.8,2.1,NaN,21.0 
2005,15.8,0.2,196.1,0.0,NaN,NaN,3.1,3.5,NaN,26.0 
2006,15.8,0.2,196.1,0.0,68.0,5.8,3.3,2.8,NaN,24.0 
2007,15.8,0.2,196.1,0.0,102.0,NaN,3.4,2.2,14.0,20.0 
2008,15.8,0.2,196.1,0.0,50.0,7.0,3.6,2.4,11.0,20.0 
2009,15.8,0.2,196.1,0.0,117.0,NaN,4.2,3.2,6.0,21.0 
2010,15.8,0.2,196.1,0.0,111.0,NaN,3.6,3.9,NaN,23.0 
2011,15.8,0.2,196.1,0.0,90.0,6.2,3.4,2.9,NaN,21.0 
2012,15.8,0.2,196.1,0.0,80.0,6.6,3.9,3.6,13.0,23.0 
2013,15.8,0.2,196.1,0.0,81.0,6.6,4.5,3.5,9.0,23.0 
2014,15.8,0.2,196.1,0.0,73.0,7.1,4.3,3.0,14.0,21.0 
2015,15.8,0.2,196.1,0.0,86.0,6.9,4.5,3.6,12.0,26.0 
2016,15.8,0.2,196.1,0.0,77.0,7.3,4.2,3.8,14.0,20.0 
2017,15.8,0.2,196.1,0.0,87.0,7.2,4.3,3.5,14.0,21.0 
2018,15.8,0.2,196.1,0.0,81.0,6.9,3.4,3.1,NaN,21.0 
2019,15.8,0.2,196.1,0.0,73.0,7.1,3.2,2.5,12.0,22.0 
2020,15.8,0.2,196.1,0.0,81.0,6.9,4.8,4.6,NaN,19.0 
2021,15.8,0.2,196.1,0.0,75.0,6.9,5.9,5.7,NaN,24.0 
2022,15.8,0.2,196.1,0.0,82.0,7.1,6.1,4.3,13.0,15.0 
2023,15.8,0.2,196.1,0.0,89.0,7.2,5.0,3.8,9.0,15.0 
2024,15.8,0.2,196.1,0.0,86.0,7.2,4.2,4.5,NaN,17.0 
1991,6.9,0.2,1.8,1.3,NaN,NaN,2.4,2.4,13.0,20.0 
1992,6.9,0.2,1.8,1.3,89.0,NaN,2.3,2.4,NaN,20.0 
1993,6.9,0.2,1.8,1.3,155.0,5.3,NaN,NaN,NaN,NaN 
1994,6.9,0.2,1.8,1.3,75.0,5.7,1.8,1.2,NaN,NaN 
1995,6.9,0.2,1.8,1.3,40.0,5.0,1.7,1.6,14.0,21.0 
1996,6.9,0.2,1.8,1.3,42.0,5.8,1.7,1.7,NaN,20.0 
1997,6.9,0.2,1.8,1.3,55.0,5.4,1.6,1.6,9.0,23.0 
1998,6.9,0.2,1.8,1.3,40.0,4.3,1.5,1.1,10.0,17.0 
1999,6.9,0.2,1.8,1.3,52.0,4.7,1.6,1.2,10.0,21.0 
2000,6.9,0.2,1.8,1.3,20.0,4.0,1.4,0.9,NaN,19.0 
2001,6.9,0.2,1.8,1.3,33.0,7.4,1.5,1.2,14.0,19.0 
2002,6.9,0.2,1.8,1.3,55.0,10.3,NaN,NaN,NaN,NaN 
2003,6.9,0.2,1.8,1.3,41.0,7.4,1.8,1.2,NaN,22.0 
2004,6.9,0.2,1.8,1.3,30.0,6.8,2.2,1.9,12.0,20.0 
2005,6.9,0.2,1.8,1.3,40.0,8.3,2.2,1.7,NaN,18.0 
2006,6.9,0.2,1.8,1.3,38.0,9.1,2.0,1.9,NaN,23.0 
2007,6.9,0.2,1.8,1.3,67.0,NaN,2.1,1.8,NaN,18.0 
2008,6.9,0.2,1.8,1.3,44.0,7.2,2.0,1.4,12.0,16.0 
2009,6.9,0.2,1.8,1.3,79.0,NaN,2.2,1.9,NaN,15.0 
2010,6.9,0.2,1.8,1.3,NaN,NaN,2.1,2.1,NaN,21.0 
2011,6.9,0.2,1.8,1.3,60.0,6.4,2.7,1.9,NaN,19.0 
2012,6.9,0.2,1.8,1.3,60.0,6.8,2.7,1.4,NaN,20.0 
2013,6.9,0.2,1.8,1.3,48.0,6.5,2.8,2.2,NaN,20.0 
2014,6.9,0.2,1.8,1.3,54.0,7.1,NaN,NaN,NaN,NaN 
2015,6.9,0.2,1.8,1.3,52.0,6.5,NaN,NaN,NaN,NaN 
2016,6.9,0.2,1.8,1.3,42.0,NaN,1.9,1.9,NaN,NaN 
2017,6.9,0.2,1.8,1.3,49.0,8.0,NaN,NaN,NaN,NaN 
2018,6.9,0.2,1.8,1.3,45.0,6.9,3.0,2.3,NaN,21.0 
2019,6.9,0.2,1.8,1.3,50.0,7.5,3.6,2.3,NaN,21.0 
2020,6.9,0.2,1.8,1.3,70.0,6.7,3.7,2.4,NaN,23.0 
2021,6.9,0.2,1.8,1.3,53.0,6.7,3.4,2.5,NaN,19.0 
2022,6.9,0.2,1.8,1.3,30.0,7.7,2.3,2.2,14.0,20.0 
2023,6.9,0.2,1.8,1.3,63.0,8.0,2.9,2.7,13.0,20.0 
2024,6.9,0.2,1.8,1.3,63.0,7.4,2.8,2.0,14.0,18.0 
1991,1.9,0.0,0.1,1.1,NaN,NaN,0.4,0.4,13.0,28.0 
1992,1.9,0.0,0.1,1.1,265.0,NaN,0.5,0.4,NaN,26.0 
1993,1.9,0.0,0.1,1.1,100.0,6.4,0.5,0.4,13.0,15.0 
1994,1.9,0.0,0.1,1.1,95.0,9.3,0.7,0.7,NaN,27.0 
1995,1.9,0.0,0.1,1.1,92.0,11.4,0.6,0.4,12.0,26.0 
1996,1.9,0.0,0.1,1.1,90.0,10.0,0.8,0.8,NaN,15.0 
1997,1.9,0.0,0.1,1.1,97.0,10.6,0.8,0.8,NaN,26.0 
1998,1.9,0.0,0.1,1.1,115.0,14.1,0.5,0.5,NaN,25.0 
1999,1.9,0.0,0.1,1.1,98.0,8.1,0.7,0.8,NaN,29.0 
2000,1.9,0.0,0.1,1.1,34.0,NaN,0.8,0.7,14.0,23.0 
2001,1.9,0.0,0.1,1.1,57.0,12.0,0.7,0.7,NaN,27.0 
2002,1.9,0.0,0.1,1.1,90.0,2.4,0.6,0.5,NaN,22.0 
2003,1.9,0.0,0.1,1.1,85.0,17.7,0.5,0.5,NaN,22.0 
2004,1.9,0.0,0.1,1.1,81.0,11.3,0.6,0.5,NaN,29.0 
2005,1.9,0.0,0.1,1.1,NaN,NaN,0.5,0.5,NaN,24.0 
2006,1.9,0.0,0.1,1.1,NaN,NaN,0.5,0.3,NaN,15.0 
2007,1.9,0.0,0.1,1.1,197.0,NaN,0.5,0.5,NaN,21.0 
2008,1.9,0.0,0.1,1.1,128.0,12.0,0.5,0.3,NaN,18.0 
2009,1.9,0.0,0.1,1.1,199.0,NaN,0.3,0.2,NaN,21.0 
2010,1.9,0.0,0.1,1.1,315.0,NaN,0.6,0.5,NaN,15.0 
2011,1.9,0.0,0.1,1.1,160.0,10.0,0.6,0.5,NaN,25.0 
2012,1.9,0.0,0.1,1.1,NaN,NaN,0.5,0.4,NaN,16.0 
2013,1.9,0.0,0.1,1.1,79.0,11.0,0.4,0.3,NaN,18.0 
2014,1.9,0.0,0.1,1.1,66.0,16.0,0.3,0.3,NaN,16.0 
2015,1.9,0.0,0.1,1.1,66.0,NaN,0.4,0.4,NaN,27.0 
2016,1.9,0.0,0.1,1.1,86.0,NaN,0.5,0.4,NaN,18.0 
2017,1.9,0.0,0.1,1.1,69.0,NaN,0.5,0.4,NaN,16.0 
2018,1.9,0.0,0.1,1.1,75.0,NaN,0.4,0.2,NaN,19.0 
2019,1.9,0.0,0.1,1.1,84.0,NaN,0.3,0.3,NaN,25.0 
2020,1.9,0.0,0.1,1.1,66.0,NaN,0.4,0.3,NaN,15.0 
2021,1.9,0.0,0.1,1.1,52.0,13.0,0.5,0.2,NaN,21.0 
2022,1.9,0.0,0.1,1.1,92.0,13.0,0.5,0.5,NaN,17.0 
2023,1.9,0.0,0.1,1.1,90.0,11.0,0.4,0.3,NaN,19.0 
2024,1.9,0.0,0.1,1.1,61.0,12.0,0.5,0.4,NaN,23.0 
1991,19.8,3.6,445.1,0.1,NaN,NaN,2.8,1.9,NaN,21.0 
1992,19.8,3.6,445.1,0.1,120.0,NaN,2.0,1.0,NaN,20.0 
1993,19.8,3.6,445.1,0.1,126.0,5.3,2.4,1.7,NaN,19.0 
1994,19.8,3.6,445.1,0.1,114.0,6.2,1.6,1.1,NaN,20.0 
1995,19.8,3.6,445.1,0.1,78.0,5.1,1.6,0.7,NaN,21.0 
1996,19.8,3.6,445.1,0.1,78.0,6.2,2.7,1.4,NaN,18.0 
1997,19.8,3.6,445.1,0.1,79.0,6.8,2.2,0.9,NaN,18.0 
1998,19.8,3.6,445.1,0.1,112.0,7.2,2.0,1.5,NaN,20.0 
1999,19.8,3.6,445.1,0.1,101.0,8.1,1.5,0.6,NaN,25.0 
2000,19.8,3.6,445.1,0.1,46.0,7.7,1.4,0.7,NaN,19.0 
2001,19.8,3.6,445.1,0.1,38.0,6.3,1.2,0.6,NaN,23.0 
2002,19.8,3.6,445.1,0.1,93.0,8.0,1.1,0.7,NaN,19.0 
2003,19.8,3.6,445.1,0.1,111.0,7.9,0.6,0.3,NaN,22.0 
2004,19.8,3.6,445.1,0.1,47.0,6.7,0.5,0.4,NaN,19.0 
2005,19.8,3.6,445.1,0.1,44.0,8.1,0.8,0.6,NaN,24.0 
2006,19.8,3.6,445.1,0.1,60.0,8.2,1.0,0.5,NaN,24.0 
2007,19.8,3.6,445.1,0.1,90.0,NaN,1.1,0.5,NaN,19.0 
2008,19.8,3.6,445.1,0.1,76.0,6.4,1.4,0.5,NaN,20.0 
2009,19.8,3.6,445.1,0.1,61.0,NaN,1.0,0.7,NaN,20.0 
2010,19.8,3.6,445.1,0.1,171.0,NaN,1.2,0.7,NaN,22.0 
2011,19.8,3.6,445.1,0.1,80.0,6.0,1.2,0.7,NaN,19.0 
2012,19.8,3.6,445.1,0.1,90.0,6.6,1.2,0.8,NaN,20.0 
2013,19.8,3.6,445.1,0.1,96.0,6.7,NaN,NaN,NaN,NaN 
2014,19.8,3.6,445.1,0.1,110.0,8.8,1.2,0.6,NaN,21.0 
2015,19.8,3.6,445.1,0.1,95.0,6.8,NaN,NaN,NaN,NaN 
2016,19.8,3.6,445.1,0.1,99.0,7.8,1.6,1.1,NaN,21.0 
2017,19.8,3.6,445.1,0.1,96.0,6.9,1.8,1.3,8.0,19.0 
2018,19.8,3.6,445.1,0.1,100.0,7.6,1.4,0.7,15.0,21.0 
2019,19.8,3.6,445.1,0.1,95.0,7.1,1.7,1.7,9.0,17.0 
2020,19.8,3.6,445.1,0.1,120.0,7.9,1.8,0.9,NaN,19.0 
2021,19.8,3.6,445.1,0.1,80.0,6.7,1.8,1.0,9.0,19.0 
2022,19.8,3.6,445.1,0.1,110.0,7.9,1.8,0.8,NaN,17.0 
2023,19.8,3.6,445.1,0.1,120.0,7.5,1.7,0.6,10.0,19.0 
2024,19.8,3.6,445.1,0.1,110.0,6.9,1.9,1.1,14.0,17.0 
1991,19.8,3.6,445.1,0.1,NaN,NaN,NaN,NaN,NaN,NaN 
1992,19.8,3.6,445.1,0.1,NaN,NaN,NaN,NaN,NaN,NaN 
1993,19.8,3.6,445.1,0.1,NaN,NaN,NaN,NaN,NaN,NaN 
1994,19.8,3.6,445.1,0.1,NaN,NaN,NaN,NaN,NaN,NaN 
1995,19.8,3.6,445.1,0.1,NaN,NaN,NaN,NaN,NaN,NaN 
1996,19.8,3.6,445.1,0.1,NaN,NaN,NaN,NaN,NaN,NaN 
1997,19.8,3.6,445.1,0.1,NaN,NaN,NaN,NaN,NaN,NaN 
1998,19.8,3.6,445.1,0.1,NaN,NaN,NaN,NaN,NaN,NaN 
1999,19.8,3.6,445.1,0.1,NaN,NaN,NaN,NaN,NaN,NaN 
2000,19.8,3.6,445.1,0.1,NaN,NaN,NaN,NaN,NaN,NaN 
2001,19.8,3.6,445.1,0.1,NaN,NaN,NaN,NaN,NaN,NaN 
2002,19.8,3.6,445.1,0.1,NaN,NaN,NaN,NaN,NaN,NaN 
2003,19.8,3.6,445.1,0.1,125.0,8.0,0.4,0.4,NaN,27.0 
2004,19.8,3.6,445.1,0.1,53.0,5.3,0.7,0.4,NaN,15.0 
2005,19.8,3.6,445.1,0.1,51.0,7.6,1.4,0.8,NaN,20.0 
2006,19.8,3.6,445.1,0.1,62.0,6.8,0.9,0.5,NaN,24.0 
2007,19.8,3.6,445.1,0.1,NaN,NaN,1.2,0.6,NaN,18.0 
2008,19.8,3.6,445.1,0.1,68.0,6.5,1.4,0.6,NaN,19.0 
2009,19.8,3.6,445.1,0.1,70.0,NaN,1.2,0.6,NaN,18.0 
2010,19.8,3.6,445.1,0.1,NaN,NaN,1.1,0.6,NaN,23.0 
2011,19.8,3.6,445.1,0.1,100.0,6.0,1.2,0.6,NaN,20.0 
2012,19.8,3.6,445.1,0.1,NaN,NaN,1.2,0.7,NaN,21.0 
2013,19.8,3.6,445.1,0.1,75.0,6.7,1.1,0.7,NaN,22.0 
2014,19.8,3.6,445.1,0.1,110.0,8.8,0.9,0.4,NaN,20.0 
2015,19.8,3.6,445.1,0.1,95.0,6.9,0.9,0.5,NaN,21.0 
2016,19.8,3.6,445.1,0.1,94.0,8.0,1.1,0.7,NaN,21.0 
2017,19.8,3.6,445.1,0.1,100.0,7.2,1.2,0.6,NaN,21.0 
2018,19.8,3.6,445.1,0.1,96.0,7.0,0.9,0.4,NaN,22.0 
2019,19.8,3.6,445.1,0.1,100.0,7.5,NaN,NaN,NaN,NaN 
2020,19.8,3.6,445.1,0.1,110.0,8.4,NaN,NaN,NaN,NaN 
2021,19.8,3.6,445.1,0.1,130.0,6.9,1.6,0.9,NaN,20.0 
2022,19.8,3.6,445.1,0.1,110.0,7.9,1.4,0.7,NaN,18.0 
2023,19.8,3.6,445.1,0.1,120.0,7.4,1.7,0.7,NaN,19.0 
2024,19.8,3.6,445.1,0.1,110.0,7.1,1.4,0.9,NaN,21.0 
1991,4.5,0.1,1.0,0.9,NaN,NaN,1.5,1.2,NaN,26.0 
1992,4.5,0.1,1.0,0.9,533.0,NaN,1.2,0.8,NaN,22.0 
1993,4.5,0.1,1.0,0.9,433.0,13.8,1.2,0.8,NaN,20.0 
1994,4.5,0.1,1.0,0.9,504.0,14.1,1.6,1.1,NaN,21.0 
1995,4.5,0.1,1.0,0.9,565.0,15.3,1.3,0.7,NaN,21.0 
1996,4.5,0.1,1.0,0.9,233.0,13.3,1.6,0.9,NaN,20.0 
1997,4.5,0.1,1.0,0.9,315.0,16.4,1.3,0.7,NaN,18.0 
1998,4.5,0.1,1.0,0.9,314.0,9.7,1.4,0.9,NaN,17.0 
1999,4.5,0.1,1.0,0.9,283.0,12.3,1.4,0.7,NaN,16.0 
2000,4.5,0.1,1.0,0.9,307.0,NaN,1.2,0.6,NaN,16.0 
2001,4.5,0.1,1.0,0.9,353.0,12.3,1.6,1.2,NaN,19.0 
2002,4.5,0.1,1.0,0.9,160.0,17.2,1.0,0.8,NaN,19.0 
2003,4.5,0.1,1.0,0.9,166.0,12.5,1.3,0.9,NaN,19.0 
2004,4.5,0.1,1.0,0.9,232.0,11.8,1.6,1.0,NaN,17.0 
2005,4.5,0.1,1.0,0.9,233.0,13.8,2.0,NaN,NaN,NaN 
2006,4.5,0.1,1.0,0.9,128.0,13.4,1.1,0.8,NaN,17.0 
2007,4.5,0.1,1.0,0.9,229.0,NaN,1.2,0.8,NaN,17.0 
2008,4.5,0.1,1.0,0.9,189.0,12.0,1.3,0.8,NaN,17.0 
2009,4.5,0.1,1.0,0.9,209.0,NaN,1.5,0.9,NaN,19.0 
2010,4.5,0.1,1.0,0.9,227.0,NaN,1.2,0.8,NaN,20.0 
2011,4.5,0.1,1.0,0.9,120.0,12.0,0.7,0.5,NaN,17.0 
2012,4.5,0.1,1.0,0.9,220.0,11.0,1.1,1.0,NaN,18.0 
2013,4.5,0.1,1.0,0.9,280.0,11.0,1.2,1.1,NaN,22.0 
2014,4.5,0.1,1.0,0.9,250.0,12.0,1.0,0.8,NaN,19.0 
2015,4.5,0.1,1.0,0.9,210.0,12.0,1.0,0.7,NaN,20.0 
2016,4.5,0.1,1.0,0.9,210.0,14.0,NaN,NaN,NaN,NaN 
2017,4.5,0.1,1.0,0.9,180.0,13.0,NaN,NaN,NaN,NaN 
2018,4.5,0.1,1.0,0.9,110.0,14.0,0.6,0.5,NaN,20.0 
2019,4.5,0.1,1.0,0.9,290.0,15.0,1.0,0.9,NaN,24.0 
2020,4.5,0.1,1.0,0.9,160.0,16.0,0.5,0.4,NaN,NaN 
2021,4.5,0.1,1.0,0.9,120.0,12.0,1.5,NaN,NaN,NaN 
2022,4.5,0.1,1.0,0.9,120.0,12.0,NaN,NaN,NaN,NaN 
2023,4.5,0.1,1.0,0.9,190.0,14.0,1.0,0.8,NaN,23.0 
2024,4.5,0.1,1.0,0.9,99.0,13.0,NaN,NaN,NaN,NaN 
1991,5.4,0.3,695.8,NaN,NaN,NaN,1.1,1.0,NaN,20.0 
1992,5.4,0.3,695.8,NaN,149.0,NaN,1.0,0.7,16.0,20.0 
1993,5.4,0.3,695.8,NaN,192.0,7.4,1.4,1.2,15.0,18.0 
1994,5.4,0.3,695.8,NaN,136.0,8.8,1.1,0.9,16.0,22.0 
1995,5.4,0.3,695.8,NaN,82.0,5.6,1.0,0.6,16.0,20.0 
1996,5.4,0.3,695.8,NaN,98.0,6.5,1.3,1.0,NaN,18.0 
1997,5.4,0.3,695.8,NaN,141.0,6.1,1.3,0.8,16.0,21.0 
1998,5.4,0.3,695.8,NaN,130.0,10.1,1.2,1.2,14.0,20.0 
1999,5.4,0.3,695.8,NaN,187.0,8.1,1.2,0.8,15.0,18.0 
2000,5.4,0.3,695.8,NaN,89.0,7.8,1.2,0.8,16.0,18.0 
2001,5.4,0.3,695.8,NaN,71.0,7.3,1.2,0.9,NaN,21.0 
2002,5.4,0.3,695.8,NaN,226.0,9.3,1.3,1.0,NaN,21.0 
2003,5.4,0.3,695.8,NaN,171.0,8.6,1.2,0.9,NaN,22.0 
2004,5.4,0.3,695.8,NaN,73.0,6.9,1.0,0.8,NaN,20.0 
2005,5.4,0.3,695.8,NaN,70.0,9.3,1.1,0.8,NaN,19.0 
2006,5.4,0.3,695.8,NaN,96.0,6.7,1.0,0.7,15.0,21.0 
2007,5.4,0.3,695.8,NaN,186.0,NaN,1.2,0.8,NaN,19.0 
2008,5.4,0.3,695.8,NaN,89.0,8.2,1.2,0.8,NaN,20.0 
2009,5.4,0.3,695.8,NaN,132.0,NaN,2.1,2.2,NaN,18.0 
2010,5.4,0.3,695.8,NaN,125.0,NaN,1.3,0.9,NaN,20.0 
2011,5.4,0.3,695.8,NaN,100.0,8.5,1.2,1.0,NaN,18.0 
2012,5.4,0.3,695.8,NaN,100.0,7.2,1.2,0.9,NaN,19.0 
2013,5.4,0.3,695.8,NaN,89.0,7.3,1.2,0.9,NaN,21.0 
2014,5.4,0.3,695.8,NaN,170.0,8.4,1.2,0.9,NaN,19.0 
2015,5.4,0.3,695.8,NaN,110.0,7.9,1.3,0.9,NaN,20.0 
2016,5.4,0.3,695.8,NaN,150.0,8.4,1.2,0.8,NaN,20.0 
2017,5.4,0.3,695.8,NaN,110.0,9.1,1.9,1.6,NaN,19.0 
2018,5.4,0.3,695.8,NaN,110.0,7.7,1.5,1.0,NaN,19.0 
2019,5.4,0.3,695.8,NaN,110.0,9.0,1.9,1.8,NaN,19.0 
2020,5.4,0.3,695.8,NaN,250.0,8.0,1.7,1.4,NaN,19.0 
2021,5.4,0.3,695.8,NaN,110.0,7.7,2.1,2.0,NaN,21.0 
2022,5.4,0.3,695.8,NaN,160.0,7.8,2.0,1.8,NaN,19.0 
2023,5.4,0.3,695.8,NaN,190.0,9.8,1.9,2.0,NaN,20.0 
2024,5.4,0.3,695.8,NaN,110.0,8.2,NaN,NaN,NaN,NaN 
1991,2.9,0.4,5.8,0.3,NaN,NaN,1.2,1.0,NaN,15.0 
1992,2.9,0.4,5.8,0.3,115.0,NaN,1.1,0.6,NaN,15.0 
1993,2.9,0.4,5.8,0.3,120.0,11.4,1.1,1.2,NaN,17.0 
1994,2.9,0.4,5.8,0.3,113.0,9.5,1.2,0.9,NaN,16.0 
1995,2.9,0.4,5.8,0.3,57.0,6.4,1.1,0.8,6.0,15.0 
1996,2.9,0.4,5.8,0.3,71.0,9.2,0.8,0.5,NaN,NaN 
1997,2.9,0.4,5.8,0.3,80.0,6.8,1.2,1.1,10.0,NaN 
1998,2.9,0.4,5.8,0.3,119.0,6.6,1.4,1.4,NaN,15.0 
1999,2.9,0.4,5.8,0.3,132.0,9.7,1.1,NaN,9.0,NaN 
2000,2.9,0.4,5.8,0.3,58.0,NaN,1.4,1.4,NaN,15.0 
2001,2.9,0.4,5.8,0.3,50.0,9.3,1.3,1.3,NaN,15.0 
2002,2.9,0.4,5.8,0.3,80.0,9.1,1.2,0.9,9.0,15.0 
2003,2.9,0.4,5.8,0.3,56.0,9.9,2.2,1.7,NaN,15.0 
2004,2.9,0.4,5.8,0.3,47.0,8.3,2.2,2.2,12.0,16.0 
2005,2.9,0.4,5.8,0.3,57.0,12.3,2.3,1.9,NaN,15.0 
2006,2.9,0.4,5.8,0.3,102.0,10.7,1.9,1.6,NaN,22.0 
2007,2.9,0.4,5.8,0.3,89.0,NaN,2.4,2.4,NaN,15.0 
2008,2.9,0.4,5.8,0.3,61.0,11.0,2.0,1.8,NaN,15.0 
2009,2.9,0.4,5.8,0.3,126.0,NaN,1.7,1.2,NaN,15.0 
2010,2.9,0.4,5.8,0.3,160.0,NaN,1.9,1.5,NaN,15.0 
2011,2.9,0.4,5.8,0.3,100.0,9.1,1.8,1.6,7.0,18.0 
2012,2.9,0.4,5.8,0.3,40.0,7.5,1.9,0.9,NaN,15.0 
2013,2.9,0.4,5.8,0.3,69.0,8.1,1.7,1.5,NaN,22.0 
2014,2.9,0.4,5.8,0.3,79.0,9.3,1.9,0.7,NaN,15.0 
2015,2.9,0.4,5.8,0.3,140.0,NaN,2.0,1.4,NaN,15.0 
2016,2.9,0.4,5.8,0.3,92.0,14.0,1.9,0.8,NaN,15.0 
2017,2.9,0.4,5.8,0.3,72.0,9.2,2.2,2.4,12.0,16.0 
2018,2.9,0.4,5.8,0.3,160.0,19.0,1.2,0.4,NaN,15.0 
2019,2.9,0.4,5.8,0.3,76.0,11.0,1.9,1.4,10.0,15.0 
2020,2.9,0.4,5.8,0.3,230.0,12.0,1.9,1.2,8.0,16.0 
2021,2.9,0.4,5.8,0.3,110.0,12.0,1.7,0.9,14.0,19.0 
2022,2.9,0.4,5.8,0.3,200.0,9.8,1.9,1.9,8.0,15.0 
2023,2.9,0.4,5.8,0.3,84.0,12.0,1.4,0.6,12.0,15.0 
2024,2.9,0.4,5.8,0.3,100.0,11.0,1.3,0.5,14.0,19.0 
1991,5.8,0.3,14.7,0.2,NaN,NaN,1.1,0.4,15.0,19.0 
1992,5.8,0.3,14.7,0.2,165.0,NaN,1.6,0.9,15.0,21.0 
1993,5.8,0.3,14.7,0.2,127.0,7.8,1.7,1.0,NaN,21.0 
1994,5.8,0.3,14.7,0.2,132.0,8.5,1.8,1.0,NaN,19.0 
1995,5.8,0.3,14.7,0.2,38.0,4.4,1.8,1.0,NaN,23.0 
1996,5.8,0.3,14.7,0.2,73.0,7.1,1.8,1.0,NaN,23.0 
1997,5.8,0.3,14.7,0.2,60.0,6.5,1.4,1.0,16.0,24.0 
1998,5.8,0.3,14.7,0.2,193.0,8.1,1.8,1.8,12.0,24.0 
1999,5.8,0.3,14.7,0.2,175.0,8.9,1.4,1.1,14.0,20.0 
2000,5.8,0.3,14.7,0.2,33.0,NaN,1.7,1.5,15.0,25.0 
2001,5.8,0.3,14.7,0.2,71.0,9.7,1.9,1.8,18.0,25.0 
2002,5.8,0.3,14.7,0.2,96.0,11.6,1.9,2.2,14.0,26.0 
2003,5.8,0.3,14.7,0.2,65.0,5.4,2.0,2.3,16.0,26.0 
2004,5.8,0.3,14.7,0.2,69.0,7.8,2.4,3.6,13.0,27.0 
2005,5.8,0.3,14.7,0.2,135.0,8.9,2.2,1.9,17.0,25.0 
2006,5.8,0.3,14.7,0.2,52.0,7.9,2.1,2.3,NaN,26.0 
2007,5.8,0.3,14.7,0.2,104.0,NaN,2.3,2.2,18.0,25.0 
2008,5.8,0.3,14.7,0.2,130.0,8.3,2.0,2.1,NaN,26.0 
2009,5.8,0.3,14.7,0.2,185.0,NaN,2.1,1.8,15.0,24.0 
2010,5.8,0.3,14.7,0.2,NaN,NaN,2.2,1.4,NaN,23.0 
2011,5.8,0.3,14.7,0.2,70.0,7.4,2.4,2.4,NaN,25.0 
2012,5.8,0.3,14.7,0.2,70.0,6.2,2.5,2.3,NaN,26.0 
2013,5.8,0.3,14.7,0.2,80.0,6.8,NaN,NaN,NaN,NaN 
2014,5.8,0.3,14.7,0.2,180.0,6.8,2.2,2.1,NaN,24.0 
2015,5.8,0.3,14.7,0.2,150.0,9.1,2.8,2.5,NaN,25.0 
2016,5.8,0.3,14.7,0.2,150.0,6.3,2.9,3.0,NaN,27.0 
2017,5.8,0.3,14.7,0.2,150.0,10.0,2.5,2.3,NaN,24.0 
2018,5.8,0.3,14.7,0.2,82.0,5.7,2.0,1.2,NaN,24.0 
2019,5.8,0.3,14.7,0.2,150.0,9.0,NaN,NaN,NaN,NaN 
2020,5.8,0.3,14.7,0.2,130.0,6.5,NaN,NaN,NaN,NaN 
2021,5.8,0.3,14.7,0.2,100.0,8.1,1.7,1.9,NaN,NaN 
2022,5.8,0.3,14.7,0.2,120.0,5.7,1.8,1.2,14.0,19.0 
2023,5.8,0.3,14.7,0.2,180.0,11.0,1.8,1.5,12.0,20.0 
2024,5.8,0.3,14.7,0.2,97.0,8.8,1.8,1.7,NaN,19.0 
1991,44.0,1.3,6.5,10.0,NaN,NaN,3.5,4.2,15.0,NaN 
1992,44.0,1.3,6.5,10.0,105.0,NaN,3.6,3.7,NaN,27.0 
1993,44.0,1.3,6.5,10.0,107.0,3.9,3.4,2.9,NaN,21.0 
1994,44.0,1.3,6.5,10.0,79.0,3.4,3.6,4.1,17.0,30.0 
1995,44.0,1.3,6.5,10.0,81.0,4.3,3.6,3.2,17.0,26.0 
1996,44.0,1.3,6.5,10.0,44.0,3.8,4.0,4.0,NaN,23.0 
1997,44.0,1.3,6.5,10.0,101.0,4.0,3.6,3.4,NaN,22.0 
1998,44.0,1.3,6.5,10.0,79.0,3.5,3.8,3.5,NaN,21.0 
1999,44.0,1.3,6.5,10.0,74.0,3.3,3.5,3.1,15.0,28.0 
2000,44.0,1.3,6.5,10.0,20.0,NaN,3.5,3.0,NaN,20.0 
2001,44.0,1.3,6.5,10.0,47.0,4.1,2.6,2.9,17.0,26.0 
2002,44.0,1.3,6.5,10.0,62.0,6.3,3.1,2.9,NaN,22.0 
2003,44.0,1.3,6.5,10.0,51.0,6.0,3.1,3.5,NaN,22.0 
2004,44.0,1.3,6.5,10.0,48.0,4.6,2.6,2.5,NaN,20.0 
2005,44.0,1.3,6.5,10.0,39.0,6.8,3.6,4.3,15.0,25.0 
2006,44.0,1.3,6.5,10.0,28.0,5.7,3.5,3.7,NaN,22.0 
2007,44.0,1.3,6.5,10.0,115.0,NaN,4.5,4.1,15.0,18.0 
2008,44.0,1.3,6.5,10.0,93.0,4.6,3.8,4.1,14.0,23.0 
2009,44.0,1.3,6.5,10.0,90.0,NaN,3.6,3.1,NaN,27.0 
2010,44.0,1.3,6.5,10.0,96.0,NaN,3.7,3.6,NaN,NaN 
2011,44.0,1.3,6.5,10.0,77.0,NaN,3.6,2.9,NaN,18.0 
2012,44.0,1.3,6.5,10.0,60.0,NaN,4.2,3.4,NaN,23.0 
2013,44.0,1.3,6.5,10.0,60.0,NaN,5.5,5.5,NaN,21.0 
2014,44.0,1.3,6.5,10.0,45.0,NaN,4.4,3.5,NaN,20.0 
2015,44.0,1.3,6.5,10.0,74.0,NaN,4.9,4.8,NaN,25.0 
2016,44.0,1.3,6.5,10.0,52.0,NaN,3.5,2.5,NaN,20.0 
2017,44.0,1.3,6.5,10.0,65.0,NaN,2.6,2.5,NaN,23.0 
2018,44.0,1.3,6.5,10.0,68.0,NaN,3.0,NaN,17.0,NaN 
2019,44.0,1.3,6.5,10.0,NaN,NaN,NaN,NaN,NaN,NaN 
2020,44.0,1.3,6.5,10.0,57.0,NaN,NaN,NaN,NaN,NaN 
2021,44.0,1.3,6.5,10.0,39.0,NaN,NaN,NaN,NaN,NaN 
2022,44.0,1.3,6.5,10.0,17.0,NaN,NaN,NaN,NaN,NaN 
2023,44.0,1.3,6.5,10.0,46.0,NaN,NaN,NaN,NaN,NaN 
2024,44.0,1.3,6.5,10.0,83.0,NaN,NaN,NaN,NaN,NaN 
1991,36.8,21.2,60.0,15.4,NaN,NaN,1.2,0.9,NaN,15.0 
1992,36.8,21.2,60.0,15.4,NaN,NaN,1.2,1.0,NaN,15.0 
1993,36.8,21.2,60.0,15.4,41.0,4.2,0.9,0.8,NaN,24.0 
1994,36.8,21.2,60.0,15.4,83.0,6.8,1.2,1.2,NaN,23.0 
1995,36.8,21.2,60.0,15.4,68.0,3.9,1.1,1.1,14.0,25.0 
1996,36.8,21.2,60.0,15.4,62.0,6.5,1.1,1.1,NaN,19.0 
1997,36.8,21.2,60.0,15.4,47.0,6.2,1.1,1.1,NaN,25.0 
1998,36.8,21.2,60.0,15.4,56.0,5.5,0.9,1.0,NaN,20.0 
1999,36.8,21.2,60.0,15.4,75.0,8.3,1.0,1.0,NaN,25.0 
2000,36.8,21.2,60.0,15.4,26.0,6.5,0.9,1.0,NaN,27.0 
2001,36.8,21.2,60.0,15.4,36.0,5.3,0.9,1.0,NaN,21.0 
2002,36.8,21.2,60.0,15.4,75.0,8.6,0.9,0.7,NaN,19.0 
2003,36.8,21.2,60.0,15.4,31.0,6.3,0.9,0.8,NaN,24.0 
2004,36.8,21.2,60.0,15.4,31.0,5.5,1.0,1.0,NaN,16.0 
2005,36.8,21.2,60.0,15.4,29.0,5.9,1.0,1.1,NaN,19.0 
2006,36.8,21.2,60.0,15.4,54.0,6.3,1.0,1.1,NaN,25.0 
2007,36.8,21.2,60.0,15.4,NaN,NaN,1.0,1.0,NaN,24.0 
2008,36.8,21.2,60.0,15.4,51.0,5.8,1.0,1.0,NaN,22.0 
2009,36.8,21.2,60.0,15.4,92.0,NaN,1.1,1.1,NaN,17.0 
2010,36.8,21.2,60.0,15.4,68.0,NaN,1.1,1.0,NaN,26.0 
2011,36.8,21.2,60.0,15.4,40.0,5.6,1.0,1.0,NaN,19.0 
2012,36.8,21.2,60.0,15.4,30.0,NaN,NaN,NaN,NaN,NaN 
2013,36.8,21.2,60.0,15.4,18.0,5.6,NaN,NaN,NaN,NaN 
2014,36.8,21.2,60.0,15.4,47.0,NaN,NaN,NaN,NaN,NaN 
2015,36.8,21.2,60.0,15.4,21.0,5.6,1.2,1.3,NaN,29.0 
2016,36.8,21.2,60.0,15.4,24.0,6.5,1.2,1.2,NaN,15.0 
2017,36.8,21.2,60.0,15.4,58.0,6.7,1.1,1.1,NaN,21.0 
2018,36.8,21.2,60.0,15.4,53.0,5.7,1.2,1.3,NaN,20.0 
2019,36.8,21.2,60.0,15.4,23.0,5.7,1.1,1.2,NaN,30.0 
2020,36.8,21.2,60.0,15.4,22.0,5.5,1.2,1.2,NaN,22.0 
2021,36.8,21.2,60.0,15.4,20.0,5.2,1.1,1.2,NaN,15.0 
2022,36.8,21.2,60.0,15.4,10.0,6.0,1.3,1.3,NaN,15.0 
2023,36.8,21.2,60.0,15.4,47.0,7.5,1.1,1.2,NaN,23.0 
2024,36.8,21.2,60.0,15.4,51.0,NaN,1.1,1.2,NaN,21.0 
1991,36.8,21.2,60.0,15.4,NaN,NaN,4.2,3.7,NaN,25.0 
1992,36.8,21.2,60.0,15.4,NaN,NaN,4.8,4.1,NaN,25.0 
1993,36.8,21.2,60.0,15.4,NaN,NaN,4.9,4.8,NaN,30.0 
1994,36.8,21.2,60.0,15.4,NaN,NaN,5.5,5.8,NaN,29.0 
1995,36.8,21.2,60.0,15.4,NaN,NaN,5.4,6.0,12.0,20.0 
1996,36.8,21.2,60.0,15.4,NaN,NaN,5.2,5.8,NaN,26.0 
1997,36.8,21.2,60.0,15.4,NaN,NaN,4.8,4.9,NaN,26.0 
1998,36.8,21.2,60.0,15.4,NaN,NaN,4.8,4.9,NaN,25.0 
1999,36.8,21.2,60.0,15.4,NaN,NaN,4.4,3.9,NaN,25.0 
2000,36.8,21.2,60.0,15.4,NaN,NaN,4.8,5.7,NaN,23.0 
2001,36.8,21.2,60.0,15.4,NaN,NaN,4.2,4.4,NaN,22.0 
2002,36.8,21.2,60.0,15.4,NaN,NaN,3.5,2.8,NaN,22.0 
2003,36.8,21.2,60.0,15.4,NaN,NaN,4.5,4.3,NaN,25.0 
2004,36.8,21.2,60.0,15.4,NaN,NaN,4.5,4.1,NaN,24.0 
2005,36.8,21.2,60.0,15.4,NaN,NaN,4.5,4.7,NaN,26.0 
2006,36.8,21.2,60.0,15.4,NaN,NaN,4.2,4.5,NaN,24.0 
2007,36.8,21.2,60.0,15.4,NaN,NaN,4.5,4.5,NaN,24.0 
2008,36.8,21.2,60.0,15.4,NaN,NaN,3.7,3.8,NaN,22.0 
2009,36.8,21.2,60.0,15.4,NaN,NaN,4.0,3.7,NaN,25.0 
2010,36.8,21.2,60.0,15.4,NaN,NaN,3.7,4.2,NaN,26.0 
2011,36.8,21.2,60.0,15.4,NaN,NaN,4.2,4.0,NaN,22.0 
2012,36.8,21.2,60.0,15.4,NaN,NaN,NaN,NaN,NaN,NaN 
2013,36.8,21.2,60.0,15.4,NaN,NaN,NaN,NaN,NaN,NaN 
2014,36.8,21.2,60.0,15.4,NaN,NaN,NaN,NaN,NaN,NaN 
2015,36.8,21.2,60.0,15.4,NaN,NaN,4.7,4.7,NaN,25.0 
2016,36.8,21.2,60.0,15.4,NaN,NaN,4.5,4.2,NaN,24.0 
2017,36.8,21.2,60.0,15.4,NaN,NaN,4.4,5.0,NaN,24.0 
2018,36.8,21.2,60.0,15.4,NaN,NaN,3.7,3.3,NaN,24.0 
2019,36.8,21.2,60.0,15.4,NaN,NaN,4.4,4.2,NaN,25.0 
2020,36.8,21.2,60.0,15.4,NaN,NaN,4.3,3.6,NaN,23.0 
2021,36.8,21.2,60.0,15.4,NaN,NaN,5.7,4.9,NaN,18.0 
2022,36.8,21.2,60.0,15.4,NaN,NaN,5.2,5.2,NaN,15.0 
2023,36.8,21.2,60.0,15.4,NaN,NaN,5.3,4.9,NaN,21.0 
2024,36.8,21.2,60.0,15.4,NaN,NaN,4.8,4.7,NaN,16.0 
1991,36.8,21.2,60.0,15.4,NaN,NaN,NaN,NaN,NaN,NaN 
1992,36.8,21.2,60.0,15.4,NaN,NaN,NaN,NaN,NaN,NaN 
1993,36.8,21.2,60.0,15.4,69.0,2.0,NaN,NaN,NaN,NaN 
1994,36.8,21.2,60.0,15.4,195.0,6.6,5.1,5.2,NaN,30.0 
1995,36.8,21.2,60.0,15.4,23.0,3.7,5.1,5.7,14.0,29.0 
1996,36.8,21.2,60.0,15.4,35.0,5.5,5.0,5.5,NaN,26.0 
1997,36.8,21.2,60.0,15.4,31.0,4.5,4.6,4.6,NaN,24.0 
1998,36.8,21.2,60.0,15.4,28.0,4.3,4.6,4.6,NaN,25.0 
1999,36.8,21.2,60.0,15.4,95.0,7.9,4.3,3.7,17.0,25.0 
2000,36.8,21.2,60.0,15.4,20.0,6.9,4.7,5.7,14.0,23.0 
2001,36.8,21.2,60.0,15.4,32.0,5.4,4.0,4.2,NaN,22.0 
2002,36.8,21.2,60.0,15.4,54.0,6.0,3.4,2.8,14.0,22.0 
2003,36.8,21.2,60.0,15.4,34.0,5.3,4.1,3.9,NaN,24.0 
2004,36.8,21.2,60.0,15.4,29.0,3.6,3.9,4.1,NaN,20.0 
2005,36.8,21.2,60.0,15.4,25.0,5.9,4.2,4.2,17.0,26.0 
2006,36.8,21.2,60.0,15.4,52.0,6.8,3.9,4.2,NaN,25.0 
2007,36.8,21.2,60.0,15.4,211.0,NaN,4.4,4.8,12.0,24.0 
2008,36.8,21.2,60.0,15.4,74.0,5.8,3.5,3.6,13.0,22.0 
2009,36.8,21.2,60.0,15.4,63.0,NaN,3.3,3.2,NaN,25.0 
2010,36.8,21.2,60.0,15.4,71.0,NaN,3.2,3.5,NaN,26.0 
2011,36.8,21.2,60.0,15.4,52.0,NaN,3.0,2.9,14.0,24.0 
2012,36.8,21.2,60.0,15.4,30.0,5.5,NaN,NaN,NaN,NaN 
2013,36.8,21.2,60.0,15.4,NaN,NaN,NaN,NaN,NaN,NaN 
2014,36.8,21.2,60.0,15.4,26.0,5.5,NaN,NaN,NaN,NaN 
2015,36.8,21.2,60.0,15.4,18.0,5.2,3.6,4.1,17.0,29.0 
2016,36.8,21.2,60.0,15.4,17.0,6.1,3.6,3.4,NaN,23.0 
2017,36.8,21.2,60.0,15.4,31.0,5.9,3.9,4.5,14.0,24.0 
2018,36.8,21.2,60.0,15.4,36.0,5.6,3.4,3.1,NaN,26.0 
2019,36.8,21.2,60.0,15.4,23.0,5.7,3.8,3.6,16.0,25.0 
2020,36.8,21.2,60.0,15.4,22.0,5.3,3.8,3.4,12.0,23.0 
2021,36.8,21.2,60.0,15.4,24.0,5.1,4.6,4.7,14.0,19.0 
2022,36.8,21.2,60.0,15.4,32.0,5.8,5.1,5.5,12.0,18.0 
2023,36.8,21.2,60.0,15.4,53.0,6.7,3.9,4.3,13.0,27.0 
2024,36.8,21.2,60.0,15.4,41.0,5.8,4.3,4.8,NaN,30.0 
1991,28.6,2.1,14.5,5.2,NaN,NaN,2.4,2.1,NaN,21.0 
1992,28.6,2.1,14.5,5.2,73.0,NaN,4.4,3.6,NaN,22.0 
1993,28.6,2.1,14.5,5.2,77.0,3.7,4.2,4.0,17.0,21.0 
1994,28.6,2.1,14.5,5.2,67.0,4.4,4.2,4.1,17.0,25.0 
1995,28.6,2.1,14.5,5.2,64.0,4.3,4.8,3.3,17.0,24.0 
1996,28.6,2.1,14.5,5.2,63.0,3.9,4.0,4.0,NaN,26.0 
1997,28.6,2.1,14.5,5.2,51.0,4.2,4.2,3.5,16.0,25.0 
1998,28.6,2.1,14.5,5.2,50.0,3.2,4.0,2.9,17.0,22.0 
1999,28.6,2.1,14.5,5.2,34.0,8.3,4.3,3.8,14.0,21.0 
2000,28.6,2.1,14.5,5.2,34.0,NaN,4.4,2.9,16.0,21.0 
2001,28.6,2.1,14.5,5.2,42.0,3.5,4.9,4.2,17.0,22.0 
2002,28.6,2.1,14.5,5.2,56.0,5.3,NaN,NaN,NaN,NaN 
2003,28.6,2.1,14.5,5.2,38.0,3.5,2.9,2.5,NaN,28.0 
2004,28.6,2.1,14.5,5.2,31.0,6.0,4.1,3.6,NaN,NaN 
2005,28.6,2.1,14.5,5.2,NaN,NaN,NaN,NaN,NaN,NaN 
2006,28.6,2.1,14.5,5.2,24.0,2.9,3.5,3.8,NaN,22.0 
2007,28.6,2.1,14.5,5.2,96.0,NaN,3.4,2.8,12.0,18.0 
2008,28.6,2.1,14.5,5.2,45.0,4.5,3.7,3.5,17.0,20.0 
2009,28.6,2.1,14.5,5.2,75.0,NaN,3.6,3.6,17.0,22.0 
2010,28.6,2.1,14.5,5.2,65.0,NaN,3.7,3.7,15.0,24.0 
2011,28.6,2.1,14.5,5.2,40.0,4.3,3.4,3.5,NaN,22.0 
2012,28.6,2.1,14.5,5.2,70.0,4.5,3.2,3.4,NaN,22.0 
2013,28.6,2.1,14.5,5.2,68.0,4.6,3.8,3.8,NaN,24.0 
2014,28.6,2.1,14.5,5.2,58.0,4.8,3.9,4.2,NaN,21.0 
2015,28.6,2.1,14.5,5.2,54.0,4.6,3.6,3.6,NaN,21.0 
2016,28.6,2.1,14.5,5.2,56.0,5.7,4.0,3.6,NaN,22.0 
2017,28.6,2.1,14.5,5.2,65.0,4.8,3.9,3.9,15.0,22.0 
2018,28.6,2.1,14.5,5.2,59.0,4.9,3.5,3.9,17.0,21.0 
2019,28.6,2.1,14.5,5.2,54.0,4.9,3.8,3.6,NaN,21.0 
2020,28.6,2.1,14.5,5.2,60.0,5.3,3.5,3.6,NaN,21.0 
2021,28.6,2.1,14.5,5.2,61.0,4.9,4.1,4.5,14.0,24.0 
2022,28.6,2.1,14.5,5.2,39.0,4.8,3.6,3.3,NaN,19.0 
2023,28.6,2.1,14.5,5.2,52.0,4.8,3.6,3.3,NaN,22.0 
2024,28.6,2.1,14.5,5.2,75.0,4.7,3.7,3.1,NaN,19.0 
1991,15.0,1.3,59.1,0.5,NaN,NaN,2.9,NaN,NaN,NaN 
1992,15.0,1.3,59.1,0.5,98.0,NaN,NaN,NaN,NaN,NaN 
1993,15.0,1.3,59.1,0.5,140.0,3.9,2.0,1.0,NaN,19.0 
1994,15.0,1.3,59.1,0.5,137.0,4.8,1.7,0.8,NaN,21.0 
1995,15.0,1.3,59.1,0.5,148.0,4.1,1.8,1.0,NaN,21.0 
1996,15.0,1.3,59.1,0.5,134.0,3.9,1.6,1.1,NaN,23.0 
1997,15.0,1.3,59.1,0.5,100.0,5.2,2.2,1.5,14.0,21.0 
1998,15.0,1.3,59.1,0.5,119.0,2.5,2.6,1.6,13.0,22.0 
1999,15.0,1.3,59.1,0.5,104.0,4.6,2.7,1.6,10.0,19.0 
2000,15.0,1.3,59.1,0.5,69.0,NaN,2.8,1.8,11.0,18.0 
2001,15.0,1.3,59.1,0.5,91.0,4.8,2.6,1.9,12.0,19.0 
2002,15.0,1.3,59.1,0.5,92.0,5.2,2.2,1.3,16.0,21.0 
2003,15.0,1.3,59.1,0.5,146.0,5.5,2.3,1.2,14.0,22.0 
2004,15.0,1.3,59.1,0.5,93.0,4.8,2.3,1.4,12.0,20.0 
2005,15.0,1.3,59.1,0.5,110.0,6.0,2.7,2.0,8.0,20.0 
2006,15.0,1.3,59.1,0.5,87.0,1.7,2.1,1.7,16.0,21.0 
2007,15.0,1.3,59.1,0.5,104.0,NaN,2.5,1.6,11.0,17.0 
2008,15.0,1.3,59.1,0.5,115.0,5.1,2.5,1.4,13.0,20.0 
2009,15.0,1.3,59.1,0.5,133.0,NaN,2.0,1.3,11.0,20.0 
2010,15.0,1.3,59.1,0.5,116.0,NaN,2.2,1.5,15.0,21.0 
2011,15.0,1.3,59.1,0.5,80.0,5.2,2.1,1.5,14.0,19.0 
2012,15.0,1.3,59.1,0.5,110.0,4.5,2.2,1.5,NaN,19.0 
2013,15.0,1.3,59.1,0.5,150.0,5.0,2.0,1.4,NaN,21.0 
2014,15.0,1.3,59.1,0.5,160.0,5.3,2.4,1.7,10.0,19.0 
2015,15.0,1.3,59.1,0.5,120.0,5.1,2.6,1.5,11.0,19.0 
2016,15.0,1.3,59.1,0.5,130.0,5.7,2.5,2.2,11.0,18.0 
2017,15.0,1.3,59.1,0.5,170.0,7.0,2.3,1.5,NaN,21.0 
2018,15.0,1.3,59.1,0.5,120.0,5.1,2.2,1.4,NaN,21.0 
2019,15.0,1.3,59.1,0.5,140.0,5.3,2.3,NaN,NaN,NaN 
2020,15.0,1.3,59.1,0.5,120.0,5.7,1.9,1.1,NaN,NaN 
2021,15.0,1.3,59.1,0.5,100.0,4.9,2.6,2.0,10.0,20.0 
2022,15.0,1.3,59.1,0.5,110.0,5.2,2.5,1.9,9.0,17.0 
2023,15.0,1.3,59.1,0.5,140.0,5.4,2.7,1.9,10.0,19.0 
2024,15.0,1.3,59.1,0.5,110.0,5.1,2.5,1.7,14.0,20.0 
1991,3.0,0.1,0.8,0.8,NaN,NaN,0.6,NaN,NaN,15.0 
1992,3.0,0.1,0.8,0.8,107.0,NaN,NaN,NaN,NaN,NaN 
1993,3.0,0.1,0.8,0.8,114.0,10.1,NaN,NaN,NaN,NaN 
1994,3.0,0.1,0.8,0.8,150.0,7.3,0.6,0.4,NaN,15.0 
1995,3.0,0.1,0.8,0.8,231.0,6.1,0.8,0.6,13.0,19.0 
1996,3.0,0.1,0.8,0.8,77.0,5.7,0.7,0.6,NaN,28.0 
1997,3.0,0.1,0.8,0.8,56.0,6.6,0.8,0.7,NaN,15.0 
1998,3.0,0.1,0.8,0.8,83.0,4.8,0.8,0.9,NaN,29.0 
1999,3.0,0.1,0.8,0.8,124.0,7.2,0.8,0.8,7.0,30.0 
2000,3.0,0.1,0.8,0.8,144.0,NaN,0.8,0.8,11.0,29.0 
2001,3.0,0.1,0.8,0.8,69.0,8.6,0.8,0.8,10.0,30.0 
2002,3.0,0.1,0.8,0.8,135.0,11.4,0.8,0.8,NaN,30.0 
2003,3.0,0.1,0.8,0.8,82.0,14.0,0.9,0.7,NaN,15.0 
2004,3.0,0.1,0.8,0.8,97.0,10.1,0.8,0.9,NaN,16.0 
2005,3.0,0.1,0.8,0.8,114.0,11.0,0.8,0.8,NaN,15.0 
2006,3.0,0.1,0.8,0.8,218.0,17.4,0.7,0.7,NaN,15.0 
2007,3.0,0.1,0.8,0.8,NaN,NaN,0.9,0.6,NaN,29.0 
2008,3.0,0.1,0.8,0.8,NaN,9.4,0.9,0.5,14.0,19.0 
2009,3.0,0.1,0.8,0.8,NaN,NaN,1.0,0.5,12.0,15.0 
2010,3.0,0.1,0.8,0.8,NaN,NaN,NaN,NaN,NaN,NaN 
2011,3.0,0.1,0.8,0.8,150.0,9.7,0.8,0.4,8.0,16.0 
2012,3.0,0.1,0.8,0.8,80.0,7.0,0.9,0.5,10.0,18.0 
2013,3.0,0.1,0.8,0.8,110.0,9.2,0.9,0.4,13.0,16.0 
2014,3.0,0.1,0.8,0.8,250.0,5.2,1.2,0.6,9.0,18.0 
2015,3.0,0.1,0.8,0.8,95.0,7.4,1.2,0.5,14.0,20.0 
2016,3.0,0.1,0.8,0.8,84.0,11.0,1.1,0.6,NaN,15.0 
2017,3.0,0.1,0.8,0.8,74.0,9.8,0.9,0.6,13.0,17.0 
2018,3.0,0.1,0.8,0.8,120.0,14.0,0.9,0.5,NaN,15.0 
2019,3.0,0.1,0.8,0.8,120.0,11.0,0.7,0.4,11.0,19.0 
2020,3.0,0.1,0.8,0.8,220.0,11.0,0.7,0.4,13.0,15.0 
2021,3.0,0.1,0.8,0.8,120.0,9.0,1.0,0.4,13.0,17.0 
2022,3.0,0.1,0.8,0.8,130.0,8.4,0.9,0.5,12.0,16.0 
2023,3.0,0.1,0.8,0.8,150.0,9.2,1.4,0.7,12.0,16.0 
2024,3.0,0.1,0.8,0.8,270.0,12.0,1.1,0.5,NaN,17.0 
1991,6.3,0.1,4.3,0.3,NaN,NaN,3.3,3.3,NaN,27.0 
1992,6.3,0.1,4.3,0.3,115.0,NaN,2.8,2.1,NaN,21.0 
1993,6.3,0.1,4.3,0.3,78.0,2.6,3.0,3.1,16.0,20.0 
1994,6.3,0.1,4.3,0.3,97.0,3.3,2.8,2.5,NaN,21.0 
1995,6.3,0.1,4.3,0.3,92.0,3.1,2.9,2.4,14.0,18.0 
1996,6.3,0.1,4.3,0.3,56.0,3.2,2.9,2.9,NaN,22.0 
1997,6.3,0.1,4.3,0.3,74.0,4.8,2.3,2.1,NaN,23.0 
1998,6.3,0.1,4.3,0.3,62.0,5.4,2.2,1.9,NaN,22.0 
1999,6.3,0.1,4.3,0.3,59.0,4.2,1.9,1.9,NaN,24.0 
2000,6.3,0.1,4.3,0.3,24.0,5.6,1.9,1.7,NaN,24.0 
2001,6.3,0.1,4.3,0.3,56.0,3.5,1.9,1.7,NaN,25.0 
2002,6.3,0.1,4.3,0.3,93.0,5.5,1.7,1.9,NaN,30.0 
2003,6.3,0.1,4.3,0.3,66.0,6.3,1.4,1.6,NaN,28.0 
2004,6.3,0.1,4.3,0.3,81.0,5.0,1.2,1.3,NaN,17.0 
2005,6.3,0.1,4.3,0.3,NaN,NaN,1.3,1.5,NaN,25.0 
2006,6.3,0.1,4.3,0.3,85.0,5.0,1.6,1.7,NaN,26.0 
2007,6.3,0.1,4.3,0.3,166.0,NaN,1.7,1.6,NaN,22.0 
2008,6.3,0.1,4.3,0.3,124.0,4.3,1.7,1.5,NaN,22.0 
2009,6.3,0.1,4.3,0.3,98.0,NaN,2.3,2.5,NaN,22.0 
2010,6.3,0.1,4.3,0.3,138.0,NaN,2.5,2.4,NaN,25.0 
2011,6.3,0.1,4.3,0.3,25.0,4.2,1.9,1.4,NaN,22.0 
2012,6.3,0.1,4.3,0.3,70.0,4.2,NaN,NaN,NaN,NaN 
2013,6.3,0.1,4.3,0.3,120.0,4.6,NaN,NaN,NaN,NaN 
2014,6.3,0.1,4.3,0.3,130.0,5.2,NaN,NaN,NaN,NaN 
2015,6.3,0.1,4.3,0.3,99.0,4.6,NaN,NaN,NaN,NaN 
2016,6.3,0.1,4.3,0.3,89.0,5.2,NaN,NaN,NaN,NaN 
2017,6.3,0.1,4.3,0.3,98.0,4.6,NaN,NaN,NaN,NaN 
2018,6.3,0.1,4.3,0.3,110.0,4.6,NaN,NaN,NaN,NaN 
2019,6.3,0.1,4.3,0.3,91.0,5.3,NaN,NaN,NaN,NaN 
2020,6.3,0.1,4.3,0.3,140.0,5.2,NaN,NaN,NaN,NaN 
2021,6.3,0.1,4.3,0.3,100.0,4.9,NaN,NaN,NaN,NaN 
2022,6.3,0.1,4.3,0.3,140.0,5.3,3.4,3.3,NaN,26.0 
2023,6.3,0.1,4.3,0.3,170.0,4.9,3.4,3.6,NaN,26.0 
2024,6.3,0.1,4.3,0.3,130.0,NaN,2.8,2.4,NaN,20.0 
